{
    "ngc 884": {
        "RA": 2.406111111111111,
        "DEC": 57.14416666666666,
        "pm_ra": 0.01,
        "pm_dec": 0.01,
        "ref_epoch": 2000.0
    },
    "m 67": {
        "RA": 8.845277777777778,
        "DEC": 11.71361111111111,
        "pm_ra": 4.0,
        "pm_dec": 5.0,
        "ref_epoch": 2003.0
    },
    "ngc 884a": {
        "RA": 2.5,
        "DEC": 15.552777777777779,
        "pm_ra": 88.6,
        "pm_dec": 3.0,
        "ref_epoch": 2000.23
    },
    "ngc 155": {
        "RA": 2.6975000000000002,
        "DEC": 0.41833333333333333,
        "pm_ra": 0.0,
        "pm_dec": 0.0,
        "ref_epoch": 2000.0
    },
    "ngc 1055": {
        "RA": 2.6975000000000002,
        "DEC": 0.027888888888888887,
        "pm_ra": 0.0,
        "pm_dec": 0.0,
        "ref_epoch": 2000.0
    },
    "aa tau": {
        "RA": 4.583055555555555,
        "DEC": 24.481388888888887,
        "pm_ra": 0.0,
        "pm_dec": 0.0,
        "ref_epoch": 2000.0
    },
    "dr tau": {
        "RA": 4.783055555555555,
        "DEC": 16.995,
        "pm_ra": 0.0,
        "pm_dec": 0.0,
        "ref_epoch": 2000.0
    },
    "ngc 1073": {
        "RA": 2.7280555555555557,
        "DEC": 1.3758333333333335,
        "pm_ra": 0.0,
        "pm_dec": 0.0,
        "ref_epoch": 2000.0
    },
    "wasp-13b": {
        "RA": 9.34,
        "DEC": 33.882222222222225,
        "pm_ra": 0.0,
        "pm_dec": 0.0,
        "ref_epoch": 2000.0
    },
    "gsc 2998-0637": {
        "RA": 9.601333333333333,
        "DEC": 44.67833333333333,
        "pm_ra": 0.0,
        "pm_dec": 0.0,
        "ref_epoch": 2000.0
    },
    "tic 252939798": {
        "RA": 7.0986111111111105,
        "DEC": 52.937777777777775,
        "pm_ra": 0.0,
        "pm_dec": 0.0,
        "ref_epoch": 2000.0
    },
    "wasp-183": {
        "RA": 10.919166666666666,
        "DEC": 0.7372222222222222,
        "pm_ra": 0.0,
        "pm_dec": 0.0,
        "ref_epoch": 2000.0
    },
    "gsc 2998-0537": {
        "RA": 9.601333333333333,
        "DEC": 44.67833333333333,
        "pm_ra": 0.0,
        "pm_dec": 0.0,
        "ref_epoch": 2000.0
    }
}