lamp_power,lamp_number_1
,0.000000
50.000000,50.000000
250.000000,267.000000
400.000000,419.700000
,0.000000