{"step":4,"loss":0.32113427615190715,"final_accuracy":0.88,"_runtime":0,"_timestamp":1.768316031659482e+09,"_step":4,"final_loss":0.33,"_wandb":{"runtime":0},"accuracy":0.8888657238480928}