method,precision_at_5,recall_at_5,mrr,ndcg_at_5,test_cases,backend
bm25,0.3333333333333333,1.0,1.0,1.0,2,
dense,0.3333333333333333,1.0,1.0,1.0,2,
hybrid,0.3333333333333333,1.0,1.0,1.0,2,
graphrag,0.3333333333333333,1.0,1.0,1.0,2,
