{"tracekit.analyzers.statistics": 1767822250.7754922, "tracekit.plugins.base": 1767822250.797493, "tracekit.exporters.hdf5": 1767822250.7874925, "tracekit.cli.main": 1767822250.7784925, "tracekit.reporting.standards": 1767822250.802493, "tracekit.analyzers.packet.stream": 1767822250.770492, "tracekit.jupyter.magic": 1767822250.7934928, "tracekit.analyzers.digital.signal_quality": 1767822250.768492, "tracekit.reporting": 1767822250.798493, "tracekit.analyzers.power.ripple": 1767887350.4816954, "tracekit.reporting.templates": 1767822250.802493, "tracekit.math.arithmetic": 1767822250.795493, "tracekit.analyzers.patterns.clustering": 1767822250.770492, "tracekit.analyzers.protocols.spi": 1767822250.773492, "tracekit.analyzers.jitter": 1767822250.768492, "tracekit.quality.scoring": 1767822250.798493, "tracekit.utils": 1767822250.8044932, "tracekit.reporting.pptx_export": 1767822250.802493, "tracekit.quality.ensemble": 1767822250.798493, "tracekit.analyzers.power.efficiency": 1767822250.7714922, "tracekit.reporting.advanced": 1767822250.799493, "tracekit.analyzers.statistics.outliers": 1767822250.7764924, "tracekit.analyzers.jitter.ber": 1767822250.7694921, "tracekit.config.schema": 1767822250.7814925, "tracekit.analyzers.spectral.chunked": 1767822250.7744923, "tracekit.visualization.histogram": 1767822250.8064933, "tracekit.filtering": 1767822250.7894926, "tracekit.loaders.tdms": 1767822250.7944927, "tracekit.utils.memory": 1768052148.4339705, "tracekit.analyzers.digital.correlation": 1767822250.767492, "tracekit.quality.explainer": 1767309663.9544637, "tracekit.config.thresholds": 1767822250.7814925, "tracekit.visualization.axis_scaling": 1767822250.805493, "tracekit.analyzers.packet.metrics": 1767822250.7694921, "tracekit.guidance.wizard": 1767822250.7904928, "tracekit.inference.protocol": 1767822250.7914927, "tracekit.extensibility.logging": 1767822250.7884927, "tracekit.reporting.content": 1767822250.800493, "tracekit.analyzers.statistical.entropy": 1767887350.4826953, "tracekit.analyzers.power.basic": 1767822250.7714922, "tracekit.loaders.hdf5_loader": 1767822250.7944927, "tracekit.plugins.discovery": 1767822250.797493, "tracekit.visualization.eye": 1768052148.4339705, "tracekit.reporting.content.verbosity": 1767822250.800493, "tracekit.core.correlation": 1768070539.8700285, "tracekit.analyzers.statistics.advanced": 1767822250.7754922, "tracekit.cli.characterize": 1767822250.7774923, "tracekit.workflows.digital": 1767822250.8074932, "tracekit.analyzers.statistical.checksum": 1767822250.7744923, "tracekit.pipeline.reverse_engineering": 1767887350.4846954, "tracekit.plugins.registry": 1767822250.798493, "tracekit.analyzers.statistical.classification": 1767822250.7754922, "tracekit.analyzers.packet.payload": 1768050996.6836395, "tracekit.analyzers.jitter.measurements": 1767822250.7694921, "tracekit.analyzers.waveform.measurements": 1767822250.7764924, "tracekit.analyzers.digital": 1767822250.767492, "tracekit.reporting.template_system": 1767822250.802493, "tracekit.visualization.styles": 1767822250.8074932, "tracekit.discovery.auto_decoder": 1767822250.7854927, "tracekit.exporters.matlab_export": 1767822250.7884927, "tracekit.component.transmission_line": 1767822250.7804923, "tracekit.discovery.quality_validator": 1767822250.7854927, "tracekit.compliance.masks": 1767887350.4836955, "tracekit.core.memoize": 1767822250.7844925, "tracekit.exploratory.legacy": 1768052148.4329705, "tracekit.analyzers.packet": 1767822250.7694921, "tracekit.analyzers.patterns.matching": 1767822250.7714922, "tracekit.core.logging_advanced": 1767822250.7844925, "tracekit.analyzers.spectral.chunked_fft": 1768070539.8690286, "tracekit.core.memory_monitor": 1768052148.4319704, "tracekit.plugins.versioning": 1767822250.798493, "tracekit.core.config": 1767822250.7824924, "tracekit.comparison": 1767822250.7784925, "tracekit.config.memory": 1767822250.7804923, "tracekit.reporting.formatting.emphasis": 1766537086.8487303, "tracekit.reporting.analyze": 1767852391.0767386, "tracekit.batch.metrics": 1767822250.7774923, "tracekit.analyzers.power.switching": 1767887350.4826953, "tracekit.exporters.spice_export": 1767822250.7884927, "tracekit.analyzers.signal_integrity.equalization": 1767822250.7744923, "tracekit.analyzers.protocols.onewire": 1767822250.773492, "tracekit.analyzers.protocols.hdlc": 1767822250.7724922, "tracekit.reporting.auto_report": 1767822250.799493, "tracekit.inference.logic": 1767822250.7914927, "tracekit.utils.progressive": 1767822250.805493, "tracekit.component.reactive": 1767822250.7804923, "tracekit.utils.lazy": 1767822250.8044932, "tracekit.filtering.filters": 1766537086.843125, "tracekit.config.migration": 1767822250.7804923, "tracekit.discovery.anomaly_detector": 1767822250.7854927, "tracekit.reporting.export": 1767822250.800493, "tracekit.analyzers.protocols.swd": 1767822250.773492, "tracekit.analyzers.protocols": 1767822250.7724922, "tracekit.extensibility.templates": 1767822250.7894926, "tracekit.config.settings": 1767822250.7814925, "tracekit.visualization.accessibility": 1767822250.805493, "tracekit.analyzers.protocols.lin": 1767822250.773492, "tracekit.core": 1767822250.7824924, "tracekit.guidance": 1767822250.7894926, "tracekit.jupyter.display": 1768052148.4329705, "tracekit.analyzers.patterns.periodic": 1767822250.7714922, "tracekit.utils.buffer": 1767822250.8044932, "tracekit.core.lazy": 1767822250.7834926, "tracekit.visualization.presets": 1767822250.8064933, "tracekit.jupyter": 1767822250.7934928, "tracekit.loaders.binary": 1767822250.7934928, "tracekit.analyzers.signal_integrity.sparams": 1767822250.7744923, "tracekit.workflows": 1767822250.8074932, "tracekit.component": 1767822250.7794924, "tracekit.exceptions": 1767822250.7864926, "tracekit.math": 1767822250.795493, "tracekit.inference.protocol_library": 1767822250.7914927, "tracekit.extensibility": 1767822250.7884927, "tracekit.analyzers.statistics.correlation": 1767822250.7754922, "tracekit": 1768070539.8690286, "tracekit.dsl.repl": 1767822250.7864926, "tracekit.visualization.layout": 1767822250.8064933, "tracekit.exploratory.parse": 1767887350.4846954, "tracekit.quality": 1767322541.0802581, "tracekit.onboarding": 1767822250.795493, "tracekit.integrations": 1767822250.7934928, "tracekit.workflows.power": 1767822250.8084931, "tracekit.inference.alignment": 1767822250.7904928, "tracekit.quality.warnings": 1767822250.798493, "tracekit.reporting.html": 1767822250.801493, "tracekit.core.memory_guard": 1768052148.4319704, "tracekit.onboarding.tutorials": 1767822250.7964928, "tracekit.filtering.introspection": 1767822250.7894926, "tracekit.loaders.configurable": 1767822250.7944927, "tracekit.workflow": 1767822250.8074932, "tracekit.loaders": 1767822250.7934928, "tracekit.batch.aggregate": 1767822250.7774923, "tracekit.config": 1767822250.7804923, "tracekit.analyzers.eye": 1767822250.768492, "tracekit.search.pattern": 1767822250.803493, "tracekit.exploratory.fuzzy": 1767887350.4836955, "tracekit.streaming.chunked": 1767822250.803493, "tracekit.reporting.config": 1767822250.799493, "tracekit.workflows.protocol": 1767822250.8084931, "tracekit.inference.spectral": 1767822250.7924929, "tracekit.pipeline.base": 1767822250.7964928, "tracekit.extensibility.measurements": 1767822250.7884927, "tracekit.triggering.pattern": 1766537086.850282, "tracekit.analyzers.statistics.trend": 1767822250.7764924, "tracekit.search.context": 1767822250.803493, "tracekit.utils.memory_extensions": 1768052148.4339705, "tracekit.loaders.tektronix": 1767822250.795493, "tracekit.comparison.trace_diff": 1767822250.7794924, "tracekit.core.cross_domain": 1767822250.7824924, "tracekit.core.progress": 1767822250.7854927, "tracekit.core.confidence": 1767822250.7824924, "tracekit.pipeline.composition": 1767822250.797493, "tracekit.visualization.power": 1767822250.8064933, "tracekit.streaming": 1767822250.803493, "tracekit.reporting.comparison": 1768054744.472982, "tracekit.api.profiling": 1767822250.7774923,