{"_wandb":{"runtime":0},"_runtime":0,"_step":4,"final_loss":0.42,"accuracy":0.8509614307123795,"loss":0.41903856928762045,"step":4,"final_accuracy":0.85,"_timestamp":1.768316020349341e+09}