{"_step":4,"final_accuracy":0.91,"_wandb":{"runtime":0},"_runtime":0,"_timestamp":1.768316025698197e+09,"final_loss":0.25,"step":4,"accuracy":0.8971551650299524,"loss":0.2628448349700477}