lamp_power,lamp_number_1
,0.000000
50.000000,52.500000
120.000000,126.000000
200.000000,210.000000
,0.000000