{"_runtime":0,"_wandb":{"runtime":0},"final_accuracy":0.89,"final_loss":0.31,"step":4,"loss":0.2911496023131637,"_timestamp":1.768316024048621e+09,"accuracy":0.9088503976868363,"_step":4}