feature,importance
notincludedcomponent,0.12702447
warnonly,0.10856294
write,0.102764525
leak,0.069525994
errorpath,0.0630575
bpf,0.041510925
nullptr,0.038814284
spectre,0.037967358
virt,0.037930954
fixprintf,0.036279738
kernel_panic_plus_uaf,0.034482148
linus,0.028127491
netfilter,0.024643939
lock,0.02436901
deadlock,0.023675965
syzbot,0.021277301
usb,0.018810848
disk,0.014111201
kasan,0.013367075
improve,0.011545672
networking,0.010681685
read,0.010383714
qdisc,0.009909055
skb,0.009874785
memory,0.009596058
remote,0.0087774135
test,0.00874956
init,0.008600896
hardware,0.00834207
uaf,0.008003551
danger,0.007575974
kernel_panic,0.007492731
outofbounds,0.007126812
race,0.0070363353
timer,0.0
servertoclientfail,0.0
nvme,0.0
debugfs,0.0
trace,0.0
cveoutdated,0.0
boot,0.0
nomemchk,0.0
logger,0.0
ipv6,0.0
iouring,0.0
dma,0.0
simplefix,0.0
tipc,0.0
